{"cameraMode":{"drawMode":0,"name":"Shaded","section":"Shading Mode"},"sceneLighting":true,"audioPlay":false,"sceneViewState":{"showFog":true,"showMaterialUpdate":false,"showSkybox":true,"showFlares":true,"showImageEffects":true,"showParticleSystems":true},"in2DMode":false,"pivot":{"x":-115.319091796875,"y":-3373.716552734375,"z":-2349.28369140625},"rotation":{"x":-0.016223598271608354,"y":0.26148369908332827,"z":-0.004396054428070784,"w":-0.9650631546974182},"size":49589.12109375,"orthographic":false}